original_relative_path,repository_path,bytes,sha256
A1/A1_RuiGu.gh,coursework/A1/A1_RuiGu.gh,9393,23567b7c1e9b5de5868b102632fca03bda7fce1be4d4a08e669a9a942fcd57ab
A1/VisualStudio/C_-7f905.cs,coursework/A1/VisualStudio/C_-7f905.cs,3253,ece4a882bde90abfe73c680819fca56c8ad5653133897c210357376574c8bfb5
A1/VisualStudio/GrasshopperScripts.csproj,coursework/A1/VisualStudio/GrasshopperScripts.csproj,802,5aa4ef6bafc37854159002b496e3f3dd7e5ffa01df7bdd55a834384b47b1afcb
A1/VisualStudio/GrasshopperScripts.sln,coursework/A1/VisualStudio/GrasshopperScripts.sln,1020,f76361c821232cdc919dac22311f0cb6d3a658881237726d47f8e0207b42787c
A2/A2.gh,coursework/A2/A2.gh,1674,fcbdc1480856822f7b4f75bff78c51a30fb05ba27db28bb56ae80a6ce2709d8e
A3/A3.gh,coursework/A3/A3.gh,1691,e42fbec4bc68d026f27925fa6d131fe5108e1d54d13362e4983e9c65c48f55e4
A4/A4.gh,coursework/A4/A4.gh,17431,371f853df0d9bd865b97aa2167d5aaae67987171c28bcbd8b2e6665d2b190ffa
Final_Project/C#inGH/00_DataProcessing/C_-6bd54.cs,src/grasshopper/00_DataProcessing/C_-6bd54.cs,4473,802194273cc2fad3c45c28c727185b06876517e982f2ffd974b78e3368e2041f
Final_Project/C#inGH/00_DataProcessing/GrasshopperScripts.csproj,src/grasshopper/00_DataProcessing/GrasshopperScripts.csproj,802,5aa4ef6bafc37854159002b496e3f3dd7e5ffa01df7bdd55a834384b47b1afcb
Final_Project/C#inGH/00_GeneticAlgorithm/C_-a9760.cs,src/grasshopper/00_GeneticAlgorithm/C_-a9760.cs,12268,00fcd6097b8100d49d85c010b99375f3260ebf1d829c8cdea65f42a54abb7410
Final_Project/C#inGH/00_GeneticAlgorithm/GrasshopperScripts.csproj,src/grasshopper/00_GeneticAlgorithm/GrasshopperScripts.csproj,802,5aa4ef6bafc37854159002b496e3f3dd7e5ffa01df7bdd55a834384b47b1afcb
Final_Project/C#inGH/00_GeneticAlgorithm/GrasshopperScripts.sln,src/grasshopper/00_GeneticAlgorithm/GrasshopperScripts.sln,1149,3d32de115251a21e5590ca673f0d19d553bb58327c826fc758c56afb1d0f14b3
Final_Project/C#inGH/00_NSGA-II/C_-1f522.cs,src/grasshopper/00_NSGA-II/C_-1f522.cs,46303,9a5f96e3b95786ca02a8ab0722a4e3fa6ee55ad4002d765ca09ae9e0ef130a30
Final_Project/C#inGH/00_NSGA-II/C__Script-1f522.cs,src/grasshopper/00_NSGA-II/C__Script-1f522.cs,2846,b841eb277e597e423ae9a9192063f73bf223b01e5741fd6952634116dd02f96b
Final_Project/C#inGH/00_NSGA-II/GrasshopperScripts.csproj,src/grasshopper/00_NSGA-II/GrasshopperScripts.csproj,802,5aa4ef6bafc37854159002b496e3f3dd7e5ffa01df7bdd55a834384b47b1afcb
Final_Project/C#inGH/00_NSGA-II/GrasshopperScripts.sln,src/grasshopper/00_NSGA-II/GrasshopperScripts.sln,1149,0f4d1764d59c89981372e699f85b6d2e70db7805d49617e0a2bd374cedd3e6a7
Final_Project/C#inGH/01_FO1/C_-6e5a5.cs,src/grasshopper/01_FO1/C_-6e5a5.cs,6241,b3e6d695e8b3cc04b9047360b39c380e9db8a26cc42995f7b5b90ef440b28159
Final_Project/C#inGH/01_FO1/GrasshopperScripts.csproj,src/grasshopper/01_FO1/GrasshopperScripts.csproj,802,5aa4ef6bafc37854159002b496e3f3dd7e5ffa01df7bdd55a834384b47b1afcb
Final_Project/C#inGH/01_FO1/GrasshopperScripts.sln,src/grasshopper/01_FO1/GrasshopperScripts.sln,1149,8cc1b80707aecf37edabbb0a51c301d70cc5f61f09b114cbc0fa3472bf0ae997
Final_Project/C#inGH/02_Visualization/C_-884c9.cs,src/grasshopper/02_Visualization/C_-884c9.cs,3849,f31e40259d764315d5e9316f05ba2e173ba33100f3f85f0e8fd65654319de56f
Final_Project/C#inGH/02_Visualization/GrasshopperScripts.csproj,src/grasshopper/02_Visualization/GrasshopperScripts.csproj,802,5aa4ef6bafc37854159002b496e3f3dd7e5ffa01df7bdd55a834384b47b1afcb
Final_Project/C#inGH/02_Visualization/GrasshopperScripts.sln,src/grasshopper/02_Visualization/GrasshopperScripts.sln,1149,24ce87095807413d0cebfa4233766cbc8a62eda460a35c94779aaff896a61ff4
Final_Project/C#inGH/11/C__Script-1f522.cs,src/grasshopper/11/C__Script-1f522.cs,46207,931d3753c23bab9808a2b9bf5c9560772e6aff68516c112c5ae76404c4be9d1d
Final_Project/C#inGH/11/GrasshopperScripts.csproj,src/grasshopper/11/GrasshopperScripts.csproj,802,5aa4ef6bafc37854159002b496e3f3dd7e5ffa01df7bdd55a834384b47b1afcb
Final_Project/C#inGH/11/GrasshopperScripts.sln,src/grasshopper/11/GrasshopperScripts.sln,1149,3502bf9a5879f124a1322755a64dddc2ecbee4994914317c8dc7e89c81619e37
Final_Project/A6_FinalAssignment/02_GH_C#File/Morpho_Project.3dm,grasshopper/final-submission/Morpho_Project.3dm,5263873,79f2d8cd0402c84a50c9f21249a458eb774d33d6c4ad5903fb074ced4a7852ef
Final_Project/A6_FinalAssignment/02_GH_C#File/OptimizeGreenlandLayout_C#.gh,grasshopper/final-submission/OptimizeGreenlandLayout_C#.gh,53822,9bcb35fb562664c2babeb1672a9194d0e8e00b7c562be6fa6172ff11afdfd323
Final_Project/A6_FinalAssignment/02_GH_C#File/OptimizeGreenlandLayout_ResultGenerated.gh,grasshopper/final-submission/OptimizeGreenlandLayout_ResultGenerated.gh,53822,9bcb35fb562664c2babeb1672a9194d0e8e00b7c562be6fa6172ff11afdfd323
Final_Project/A6_FinalAssignment/01_ProjectBoards/Board1.pdf,docs/boards/Board1.pdf,285926,4f095547ba5b061eb192ec9ed26cea191c2bd9706d2adb131fd1b74d0e560557
Final_Project/A6_FinalAssignment/01_ProjectBoards/Board2.pdf,docs/boards/Board2.pdf,1387132,e292de9fd77d87dd32b1790b3056e74fd56b40d0b07d4ace09f29c9ddec70527
Final_Project/A6_FinalAssignment/01_ProjectBoards/Board3.pdf,docs/boards/Board3.pdf,868279,7cc760de32eeac9c39a7ebe6bfe91203ac7448b27f23ffbd1523edc7dffaf46d
Final_Project/A6_FinalAssignment/03_PresentationSlides/MorphoGenetic_Presentated.pptx,docs/presentations/MorphoGenetic_Presentated.pptx,4658099,e32012ab110b89c580b098d8ef8fe92b744b8fad3919c70b460b52875cdb3ef2
Final_Project/A6_FinalAssignment/03_PresentationSlides/MorphoGenetic_Project_SubmittedVersion.pptx,docs/presentations/MorphoGenetic_Project_SubmittedVersion.pptx,6499618,ad92b68d0d5ac09a4888464d799bc1611daabc51bedfcb434ad3b34ab96ef293
Final_Project/00_AI_File/Export/AdaptionProcess2.png,docs/images/AdaptionProcess2.png,83723,5182791c0b52a71bde5bfecd442b16af4bb1ea74c7b1a5d584b150e8fa324206
Final_Project/00_AI_File/Export/MetholodogyFramework.png,docs/images/MetholodogyFramework.png,76516,c9cadfe7fe52e55bb9ca6b2f41cf886a1e0f26dfcb8f4ac3b6d4722c802fe308
Final_Project/00_AI_File/Export/PPTCOVER.png,docs/images/PPTCOVER.png,56855,4ab96c78eaa18514868572e4a1ab0b5b599c6a4fac3a58d3af44b8e16d8cf581
Final_Project/Boards/Export/MorphoGenetic.pdf,docs/boards/MorphoGenetic.pdf,2303203,a206005abc9070ff525dd1607f6727e9507a944469704d2024cae5967c9a3d88
